{"cameraMode":{"drawMode":0,"name":"Shaded","section":"Shading Mode"},"sceneLighting":true,"audioPlay":false,"sceneViewState":{"showFog":true,"showMaterialUpdate":false,"showSkybox":true,"showFlares":true,"showImageEffects":true,"showParticleSystems":true},"in2DMode":false,"pivot":{"x":13.305313110351563,"y":15.519342422485352,"z":-24.226890563964845},"rotation":{"x":-0.16685408353805543,"y":0.08772198855876923,"z":-0.01490894053131342,"w":-0.9819713830947876},"size":10.0,"orthographic":false}